S/N,Building/Project Name,Street Name,Postal District,Type,No. of Bedroom(for Non-Landed Only),Monthly Gross Rent($),Floor Area (sq ft),Lease Commencement Date
1,THE TOPIARY,FERNVALE LANE,28,Executive Condominium,3,1500,1200 to 1300,Apr-21
2,THE TOPIARY,FERNVALE LANE,28,Executive Condominium,4,4100,1500 to 1600,Apr-21
3,LILYDALE,YISHUN AVENUE 6,27,Executive Condominium,3,1930,1100 to 1200,Apr-21
4,LILYDALE,YISHUN AVENUE 6,27,Executive Condominium,3,2700,1200 to 1300,Apr-21
5,THE CANOPY,YISHUN AVENUE 11,27,Executive Condominium,3,3000,1300 to 1400,Apr-21
6,LILYDALE,YISHUN AVENUE 6,27,Executive Condominium,3,2800,1100 to 1200,Mar-21
7,THE TOPIARY,FERNVALE LANE,28,Executive Condominium,5,3850,2200 to 2300,Mar-21
8,LILYDALE,YISHUN AVENUE 6,27,Executive Condominium,3,2400,1100 to 1200,Mar-21
9,LILYDALE,YISHUN AVENUE 6,27,Executive Condominium,3,2500,1200 to 1300,Mar-21
10,THE CANOPY,YISHUN AVENUE 11,27,Executive Condominium,2,2500,1000 to 1100,Mar-21
11,1 CANBERRA,CANBERRA DRIVE,27,Executive Condominium,3,2500,900 to 1000,Mar-21
12,LILYDALE,YISHUN AVENUE 6,27,Executive Condominium,3,2800,1100 to 1200,Mar-21
13,1 CANBERRA,CANBERRA DRIVE,27,Executive Condominium,3,2700,1000 to 1100,Mar-21
14,1 CANBERRA,CANBERRA DRIVE,27,Executive Condominium,3,2900,1000 to 1100,Mar-21
15,1 CANBERRA,CANBERRA DRIVE,27,Executive Condominium,3,2700,900 to 1000,Mar-21
16,LILYDALE,YISHUN AVENUE 6,27,Executive Condominium,3,2600,1300 to 1400,Mar-21
17,THE TOPIARY,FERNVALE LANE,28,Executive Condominium,3,1500,1200 to 1300,Mar-21
18,THE CANOPY,YISHUN AVENUE 11,27,Executive Condominium,3,2800,1300 to 1400,Feb-21
19,THE CANOPY,YISHUN AVENUE 11,27,Executive Condominium,2,2100,1000 to 1100,Feb-21
20,PARC LIFE,SEMBAWANG CRESCENT,27,Executive Condominium,3,3200,1000 to 1100,Feb-21
21,THE TOPIARY,FERNVALE LANE,28,Executive Condominium,3,1500,1200 to 1300,Feb-21
22,THE CANOPY,YISHUN AVENUE 11,27,Executive Condominium,2,2400,1000 to 1100,Feb-21
23,PARC LIFE,SEMBAWANG CRESCENT,27,Executive Condominium,3,2600,1000 to 1100,Feb-21
24,THE TOPIARY,FERNVALE LANE,28,Executive Condominium,2,1000,700 to 800,Feb-21
25,LILYDALE,YISHUN AVENUE 6,27,Executive Condominium,3,2400,1200 to 1300,Jan-21
26,1 CANBERRA,CANBERRA DRIVE,27,Executive Condominium,3,3000,900 to 1000,Jan-21
27,SIGNATURE AT YISHUN,YISHUN STREET 51,27,Executive Condominium,4,3000,1100 to 1200,Jan-21
28,LILYDALE,YISHUN AVENUE 6,27,Executive Condominium,3,2800,1100 to 1200,Jan-21
29,SIGNATURE AT YISHUN,YISHUN STREET 51,27,Executive Condominium,3,2400,900 to 1000,Jan-21
30,THE CRITERION,YISHUN STREET 51,27,Executive Condominium,2,2250,600 to 700,Jan-21
31,THE CANOPY,YISHUN AVENUE 11,27,Executive Condominium,3,2400,1100 to 1200,Jan-21
32,1 CANBERRA,CANBERRA DRIVE,27,Executive Condominium,3,2800,1000 to 1100,Jan-21
33,THE CANOPY,YISHUN AVENUE 11,27,Executive Condominium,2,2400,800 to 900,Jan-21
34,LILYDALE,YISHUN AVENUE 6,27,Executive Condominium,3,2600,1200 to 1300,Jan-21
35,LILYDALE,YISHUN AVENUE 6,27,Executive Condominium,3,2600,1300 to 1400,Jan-21
36,THE CANOPY,YISHUN AVENUE 11,27,Executive Condominium,3,2700,1100 to 1200,Dec-20
37,SKYPARK RESIDENCES,SEMBAWANG CRESCENT,27,Executive Condominium,3,2850,1100 to 1200,Dec-20
38,LILYDALE,YISHUN AVENUE 6,27,Executive Condominium,3,2700,1100 to 1200,Dec-20
39,LILYDALE,YISHUN AVENUE 6,27,Executive Condominium,3,2500,1100 to 1200,Dec-20
40,THE CANOPY,YISHUN AVENUE 11,27,Executive Condominium,3,2500,1100 to 1200,Dec-20
41,THE CANOPY,YISHUN AVENUE 11,27,Executive Condominium,2,2300,1000 to 1100,Nov-20
42,THE CANOPY,YISHUN AVENUE 11,27,Executive Condominium,2,2200,800 to 900,Nov-20
43,THE BROWNSTONE,CANBERRA DRIVE,27,Executive Condominium,3,2600,900 to 1000,Nov-20
44,SKYPARK RESIDENCES,SEMBAWANG CRESCENT,27,Executive Condominium,5,3400,1500 to 1600,Nov-20
45,SIGNATURE AT YISHUN,YISHUN STREET 51,27,Executive Condominium,4,3100,1100 to 1200,Nov-20
46,THE VISIONAIRE,CANBERRA DRIVE,27,Executive Condominium,3,2200,800 to 900,Nov-20
47,THE CANOPY,YISHUN AVENUE 11,27,Executive Condominium,2,2800,1000 to 1100,Nov-20
48,THE CANOPY,YISHUN AVENUE 11,27,Executive Condominium,3,2700,1100 to 1200,Nov-20
49,THE CANOPY,YISHUN AVENUE 11,27,Executive Condominium,2,2100,800 to 900,Nov-20
50,1 CANBERRA,CANBERRA DRIVE,27,Executive Condominium,4,4000,1200 to 1300,Nov-20
51,THE CRITERION,YISHUN STREET 51,27,Executive Condominium,4,3100,1200 to 1300,Oct-20
52,LILYDALE,YISHUN AVENUE 6,27,Executive Condominium,3,2550,1200 to 1300,Oct-20
53,LILYDALE,YISHUN AVENUE 6,27,Executive Condominium,3,2350,1100 to 1200,Oct-20
54,LILYDALE,YISHUN AVENUE 6,27,Executive Condominium,3,2900,1200 to 1300,Oct-20
55,LILYDALE,YISHUN AVENUE 6,27,Executive Condominium,3,2500,1200 to 1300,Oct-20
56,LILYDALE,YISHUN AVENUE 6,27,Executive Condominium,3,2500,1200 to 1300,Oct-20
57,LILYDALE,YISHUN AVENUE 6,27,Executive Condominium,3,2200,1100 to 1200,Oct-20
58,THE CANOPY,YISHUN AVENUE 11,27,Executive Condominium,2,2300,800 to 900,Sep-20
59,LUSH ACRES,FERNVALE CLOSE,28,Executive Condominium,3,2500,1100 to 1200,Sep-20
60,LILYDALE,YISHUN AVENUE 6,27,Executive Condominium,3,2800,1100 to 1200,Sep-20
61,1 CANBERRA,CANBERRA DRIVE,27,Executive Condominium,4,2600,1200 to 1300,Sep-20
62,THE TOPIARY,FERNVALE LANE,28,Executive Condominium,4,1500,1300 to 1400,Sep-20
63,SKYPARK RESIDENCES,SEMBAWANG CRESCENT,27,Executive Condominium,4,3800,1500 to 1600,Sep-20
64,LILYDALE,YISHUN AVENUE 6,27,Executive Condominium,3,2500,1200 to 1300,Sep-20
65,LILYDALE,YISHUN AVENUE 6,27,Executive Condominium,3,2450,1200 to 1300,Sep-20
66,THE CANOPY,YISHUN AVENUE 11,27,Executive Condominium,2,2300,1000 to 1100,Sep-20
67,SKYPARK RESIDENCES,SEMBAWANG CRESCENT,27,Executive Condominium,3,2700,1100 to 1200,Sep-20
68,THE BROWNSTONE,CANBERRA DRIVE,27,Executive Condominium,3,2600,900 to 1000,Sep-20
69,LILYDALE,YISHUN AVENUE 6,27,Executive Condominium,3,2700,2100 to 2200,Sep-20
70,THE TOPIARY,FERNVALE LANE,28,Executive Condominium,3,2300,1200 to 1300,Sep-20
71,LILYDALE,YISHUN AVENUE 6,27,Executive Condominium,3,2400,1300 to 1400,Sep-20
72,LILYDALE,YISHUN AVENUE 6,27,Executive Condominium,3,2700,1200 to 1300,Sep-20
73,LILYDALE,YISHUN AVENUE 6,27,Executive Condominium,3,2600,1100 to 1200,Sep-20
74,LILYDALE,YISHUN AVENUE 6,27,Executive Condominium,3,2250,1200 to 1300,Aug-20
75,THE CANOPY,YISHUN AVENUE 11,27,Executive Condominium,2,2200,1000 to 1100,Aug-20
76,LILYDALE,YISHUN AVENUE 6,27,Executive Condominium,3,2600,1200 to 1300,Aug-20
77,SKYPARK RESIDENCES,SEMBAWANG CRESCENT,27,Executive Condominium,5,3300,1500 to 1600,Aug-20
78,PARC LIFE,SEMBAWANG CRESCENT,27,Executive Condominium,4,3100,1200 to 1300,Jul-20
79,LILYDALE,YISHUN AVENUE 6,27,Executive Condominium,3,2300,1100 to 1200,Jul-20
80,LILYDALE,YISHUN AVENUE 6,27,Executive Condominium,3,2500,1200 to 1300,Jul-20
81,THE CANOPY,YISHUN AVENUE 11,27,Executive Condominium,2,2200,800 to 900,Jul-20
82,LILYDALE,YISHUN AVENUE 6,27,Executive Condominium,3,2400,1100 to 1200,Jul-20
83,LILYDALE,YISHUN AVENUE 6,27,Executive Condominium,3,2300,1200 to 1300,Jul-20
84,THE CANOPY,YISHUN AVENUE 11,27,Executive Condominium,3,3000,1300 to 1400,Jul-20
85,LILYDALE,YISHUN AVENUE 6,27,Executive Condominium,3,1900,1200 to 1300,Jul-20
86,THE CANOPY,YISHUN AVENUE 11,27,Executive Condominium,3,2700,1200 to 1300,Jul-20
87,THE CANOPY,YISHUN AVENUE 11,27,Executive Condominium,2,2000,1000 to 1100,Jun-20
88,LILYDALE,YISHUN AVENUE 6,27,Executive Condominium,3,2400,1200 to 1300,Jun-20
89,LILYDALE,YISHUN AVENUE 6,27,Executive Condominium,3,2400,1300 to 1400,Jun-20
90,LILYDALE,YISHUN AVENUE 6,27,Executive Condominium,3,2450,1200 to 1300,Jun-20
91,THE BROWNSTONE,CANBERRA DRIVE,27,Executive Condominium,3,2500,900 to 1000,Jun-20
92,LILYDALE,YISHUN AVENUE 6,27,Executive Condominium,3,2550,1200 to 1300,Jun-20
93,LILYDALE,YISHUN AVENUE 6,27,Executive Condominium,3,2500,1300 to 1400,Jun-20
94,LILYDALE,YISHUN AVENUE 6,27,Executive Condominium,3,2200,1100 to 1200,Jun-20
95,LILYDALE,YISHUN AVENUE 6,27,Executive Condominium,3,2300,1200 to 1300,May-20
96,THE TOPIARY,FERNVALE LANE,28,Executive Condominium,4,1400,1300 to 1400,May-20
97,LILYDALE,YISHUN AVENUE 6,27,Executive Condominium,3,2500,1200 to 1300,Apr-20
98,THE CRITERION,YISHUN STREET 51,27,Executive Condominium,3,2250,1000 to 1100,Apr-20
99,LILYDALE,YISHUN AVENUE 6,27,Executive Condominium,3,2300,1200 to 1300,Apr-20
100,LILYDALE,YISHUN AVENUE 6,27,Executive Condominium,3,2900,1100 to 1200,Apr-20
101,THE BROWNSTONE,CANBERRA DRIVE,27,Executive Condominium,3,2600,1100 to 1200,Apr-20
102,THE TOPIARY,FERNVALE LANE,28,Executive Condominium,4,1400,1300 to 1400,Apr-20
103,THE CANOPY,YISHUN AVENUE 11,27,Executive Condominium,3,2700,1200 to 1300,Apr-20
104,THE TOPIARY,FERNVALE LANE,28,Executive Condominium,4,3400,1300 to 1400,Apr-20
105,LILYDALE,YISHUN AVENUE 6,27,Executive Condominium,3,2250,1200 to 1300,Mar-20
106,LILYDALE,YISHUN AVENUE 6,27,Executive Condominium,3,2300,1100 to 1200,Mar-20
107,THE CANOPY,YISHUN AVENUE 11,27,Executive Condominium,3,3200,1300 to 1400,Mar-20
108,THE TOPIARY,FERNVALE LANE,28,Executive Condominium,4,2600,1200 to 1300,Mar-20
109,THE VISIONAIRE,CANBERRA DRIVE,27,Executive Condominium,3,2500,900 to 1000,Mar-20
110,LILYDALE,YISHUN AVENUE 6,27,Executive Condominium,3,2300,1100 to 1200,Mar-20
111,LILYDALE,YISHUN AVENUE 6,27,Executive Condominium,3,2500,1200 to 1300,Mar-20
112,LILYDALE,YISHUN AVENUE 6,27,Executive Condominium,3,2250,1100 to 1200,Feb-20
113,LILYDALE,YISHUN AVENUE 6,27,Executive Condominium,3,2500,1300 to 1400,Feb-20
114,LILYDALE,YISHUN AVENUE 6,27,Executive Condominium,3,2200,1200 to 1300,Feb-20
115,1 CANBERRA,CANBERRA DRIVE,27,Executive Condominium,4,1650,1400 to 1500,Feb-20
116,1 CANBERRA,CANBERRA DRIVE,27,Executive Condominium,3,1700,1000 to 1100,Feb-20
117,THE CANOPY,YISHUN AVENUE 11,27,Executive Condominium,3,2750,1300 to 1400,Feb-20
118,LILYDALE,YISHUN AVENUE 6,27,Executive Condominium,3,2400,1200 to 1300,Jan-20
119,THE CANOPY,YISHUN AVENUE 11,27,Executive Condominium,2,2100,1000 to 1100,Jan-20
120,LILYDALE,YISHUN AVENUE 6,27,Executive Condominium,3,2600,1200 to 1300,Jan-20
121,SIGNATURE AT YISHUN,YISHUN STREET 51,27,Executive Condominium,3,2400,900 to 1000,Jan-20
122,THE VISIONAIRE,CANBERRA DRIVE,27,Executive Condominium,4,3100,1100 to 1200,Jan-20
123,THE CANOPY,YISHUN AVENUE 11,27,Executive Condominium,3,2550,1100 to 1200,Jan-20
124,THE CANOPY,YISHUN AVENUE 11,27,Executive Condominium,3,2400,1100 to 1200,Jan-20
125,LILYDALE,YISHUN AVENUE 6,27,Executive Condominium,3,2400,1200 to 1300,Dec-19
126,LILYDALE,YISHUN AVENUE 6,27,Executive Condominium,3,2600,1300 to 1400,Dec-19
127,LUSH ACRES,FERNVALE CLOSE,28,Executive Condominium,4,2700,1300 to 1400,Dec-19
128,1 CANBERRA,CANBERRA DRIVE,27,Executive Condominium,3,2600,1000 to 1100,Dec-19
129,LILYDALE,YISHUN AVENUE 6,27,Executive Condominium,3,2400,1100 to 1200,Dec-19
130,THE CANOPY,YISHUN AVENUE 11,27,Executive Condominium,2,2000,800 to 900,Dec-19
131,THE CANOPY,YISHUN AVENUE 11,27,Executive Condominium,2,1900,800 to 900,Dec-19
132,LILYDALE,YISHUN AVENUE 6,27,Executive Condominium,3,2300,1100 to 1200,Dec-19
133,THE CANOPY,YISHUN AVENUE 11,27,Executive Condominium,3,2850,1200 to 1300,Dec-19
134,THE CANOPY,YISHUN AVENUE 11,27,Executive Condominium,2,2400,1000 to 1100,Dec-19
135,THE CANOPY,YISHUN AVENUE 11,27,Executive Condominium,2,2300,1000 to 1100,Dec-19
136,LILYDALE,YISHUN AVENUE 6,27,Executive Condominium,3,2400,1400 to 1500,Nov-19
137,THE CANOPY,YISHUN AVENUE 11,27,Executive Condominium,2,2300,1000 to 1100,Nov-19
138,THE VISIONAIRE,CANBERRA DRIVE,27,Executive Condominium,3,2200,800 to 900,Nov-19
139,LILYDALE,YISHUN AVENUE 6,27,Executive Condominium,3,2200,1200 to 1300,Nov-19
140,1 CANBERRA,CANBERRA DRIVE,27,Executive Condominium,3,1500,1300 to 1400,Nov-19
141,THE CANOPY,YISHUN AVENUE 11,27,Executive Condominium,3,2600,1100 to 1200,Nov-19
142,THE TOPIARY,FERNVALE LANE,28,Executive Condominium,3,2400,1000 to 1100,Nov-19
143,LILYDALE,YISHUN AVENUE 6,27,Executive Condominium,3,2400,1100 to 1200,Oct-19
144,LILYDALE,YISHUN AVENUE 6,27,Executive Condominium,3,2350,1100 to 1200,Oct-19
145,THE TOPIARY,FERNVALE LANE,28,Executive Condominium,4,2800,1300 to 1400,Oct-19
146,THE CRITERION,YISHUN STREET 51,27,Executive Condominium,3,2250,1000 to 1100,Oct-19
147,LILYDALE,YISHUN AVENUE 6,27,Executive Condominium,3,2580,1100 to 1200,Oct-19
148,LILYDALE,YISHUN AVENUE 6,27,Executive Condominium,3,2300,1100 to 1200,Oct-19
149,THE CANOPY,YISHUN AVENUE 11,27,Executive Condominium,2,1800,1000 to 1100,Oct-19
150,SIGNATURE AT YISHUN,YISHUN STREET 51,27,Executive Condominium,3,2500,900 to 1000,Sep-19
151,LILYDALE,YISHUN AVENUE 6,27,Executive Condominium,3,2400,1100 to 1200,Sep-19
152,THE TOPIARY,FERNVALE LANE,28,Executive Condominium,3,1400,1200 to 1300,Sep-19
153,LILYDALE,YISHUN AVENUE 6,27,Executive Condominium,3,2250,1100 to 1200,Sep-19
154,LILYDALE,YISHUN AVENUE 6,27,Executive Condominium,3,2350,1200 to 1300,Sep-19
155,SKYPARK RESIDENCES,SEMBAWANG CRESCENT,27,Executive Condominium,4,3800,1500 to 1600,Sep-19
156,THE CRITERION,YISHUN STREET 51,27,Executive Condominium,4,2400,1100 to 1200,Sep-19
157,LILYDALE,YISHUN AVENUE 6,27,Executive Condominium,3,2800,2100 to 2200,Sep-19
158,LILYDALE,YISHUN AVENUE 6,27,Executive Condominium,3,2300,1200 to 1300,Aug-19
159,LILYDALE,YISHUN AVENUE 6,27,Executive Condominium,3,2250,1100 to 1200,Aug-19
160,1 CANBERRA,CANBERRA DRIVE,27,Executive Condominium,3,1500,1300 to 1400,Aug-19
161,SKYPARK RESIDENCES,SEMBAWANG CRESCENT,27,Executive Condominium,3,2600,1100 to 1200,Aug-19
162,1 CANBERRA,CANBERRA DRIVE,27,Executive Condominium,3,2200,1200 to 1300,Aug-19
163,1 CANBERRA,CANBERRA DRIVE,27,Executive Condominium,3,1500,1500 to 1600,Aug-19
164,THE CRITERION,YISHUN STREET 51,27,Executive Condominium,3,2300,1000 to 1100,Aug-19
165,THE CANOPY,YISHUN AVENUE 11,27,Executive Condominium,2,2200,800 to 900,Aug-19
166,LILYDALE,YISHUN AVENUE 6,27,Executive Condominium,3,2350,1000 to 1100,Aug-19
167,SIGNATURE AT YISHUN,YISHUN STREET 51,27,Executive Condominium,3,2300,1000 to 1100,Jul-19
168,1 CANBERRA,CANBERRA DRIVE,27,Executive Condominium,3,1500,1300 to 1400,Jul-19
169,THE CANOPY,YISHUN AVENUE 11,27,Executive Condominium,4,3200,1900 to 2000,Jul-19
170,LILYDALE,YISHUN AVENUE 6,27,Executive Condominium,3,2300,1100 to 1200,Jul-19
171,LILYDALE,YISHUN AVENUE 6,27,Executive Condominium,3,2400,1100 to 1200,Jul-19
172,LILYDALE,YISHUN AVENUE 6,27,Executive Condominium,3,2450,1100 to 1200,Jul-19
173,LILYDALE,YISHUN AVENUE 6,27,Executive Condominium,3,2500,1100 to 1200,Jul-19
174,LILYDALE,YISHUN AVENUE 6,27,Executive Condominium,3,2300,1100 to 1200,Jul-19
175,THE CANOPY,YISHUN AVENUE 11,27,Executive Condominium,2,2000,1000 to 1100,Jul-19
176,LILYDALE,YISHUN AVENUE 6,27,Executive Condominium,3,2500,1100 to 1200,Jul-19
177,1 CANBERRA,CANBERRA DRIVE,27,Executive Condominium,3,1350,1200 to 1300,Jul-19
178,LILYDALE,YISHUN AVENUE 6,27,Executive Condominium,3,2200,1100 to 1200,Jul-19
179,THE VISIONAIRE,CANBERRA DRIVE,27,Executive Condominium,3,2300,900 to 1000,Jun-19
180,LILYDALE,YISHUN AVENUE 6,27,Executive Condominium,3,2400,1100 to 1200,Jun-19
181,THE BROWNSTONE,CANBERRA DRIVE,27,Executive Condominium,3,2500,900 to 1000,Jun-19
182,THE BROWNSTONE,CANBERRA DRIVE,27,Executive Condominium,3,2600,900 to 1000,Jun-19
183,THE CANOPY,YISHUN AVENUE 11,27,Executive Condominium,3,2500,1100 to 1200,Jun-19
184,LILYDALE,YISHUN AVENUE 6,27,Executive Condominium,3,2300,1100 to 1200,Jun-19
185,THE BROWNSTONE,CANBERRA DRIVE,27,Executive Condominium,3,2200,900 to 1000,May-19
186,THE CANOPY,YISHUN AVENUE 11,27,Executive Condominium,2,2000,800 to 900,May-19
187,THE TOPIARY,FERNVALE LANE,28,Executive Condominium,4,2000,1300 to 1400,May-19
188,SKYPARK RESIDENCES,SEMBAWANG CRESCENT,27,Executive Condominium,3,2500,1100 to 1200,May-19
189,LILYDALE,YISHUN AVENUE 6,27,Executive Condominium,3,2500,1100 to 1200,May-19
190,THE BROWNSTONE,CANBERRA DRIVE,27,Executive Condominium,3,750,900 to 1000,May-19
191,LILYDALE,YISHUN AVENUE 6,27,Executive Condominium,3,2400,1100 to 1200,May-19
192,SKYPARK RESIDENCES,SEMBAWANG CRESCENT,27,Executive Condominium,5,3300,1500 to 1600,May-19
193,PARC LIFE,SEMBAWANG CRESCENT,27,Executive Condominium,3,2500,1100 to 1200,May-19
194,1 CANBERRA,CANBERRA DRIVE,27,Executive Condominium,3,1100,1000 to 1100,May-19
195,THE CANOPY,YISHUN AVENUE 11,27,Executive Condominium,2,2250,1000 to 1100,May-19
196,LILYDALE,YISHUN AVENUE 6,27,Executive Condominium,3,2350,1100 to 1200,May-19
197,THE TOPIARY,FERNVALE LANE,28,Executive Condominium,4,1400,1300 to 1400,Apr-19
198,1 CANBERRA,CANBERRA DRIVE,27,Executive Condominium,3,1500,1500 to 1600,Apr-19
199,LILYDALE,YISHUN AVENUE 6,27,Executive Condominium,3,2300,1100 to 1200,Apr-19
200,THE CANOPY,YISHUN AVENUE 11,27,Executive Condominium,2,1800,1000 to 1100,Apr-19
201,LILYDALE,YISHUN AVENUE 6,27,Executive Condominium,3,2350,1100 to 1200,Mar-19
202,THE TOPIARY,FERNVALE LANE,28,Executive Condominium,5,3900,2200 to 2300,Mar-19
203,THE TOPIARY,FERNVALE LANE,28,Executive Condominium,4,2550,1200 to 1300,Mar-19
204,THE VISIONAIRE,CANBERRA DRIVE,27,Executive Condominium,3,2500,900 to 1000,Mar-19
205,LILYDALE,YISHUN AVENUE 6,27,Executive Condominium,3,2300,1100 to 1200,Mar-19
206,LILYDALE,YISHUN AVENUE 6,27,Executive Condominium,3,2500,1100 to 1200,Mar-19
207,THE CANOPY,YISHUN AVENUE 11,27,Executive Condominium,2,2400,1000 to 1100,Mar-19
208,THE CANOPY,YISHUN AVENUE 11,27,Executive Condominium,3,2500,1100 to 1200,Mar-19
209,1 CANBERRA,CANBERRA DRIVE,27,Executive Condominium,4,2450,1400 to 1500,Mar-19
210,THE TOPIARY,FERNVALE LANE,28,Executive Condominium,4,1450,1300 to 1400,Mar-19
211,LILYDALE,YISHUN AVENUE 6,27,Executive Condominium,3,2200,1100 to 1200,Mar-19
212,LILYDALE,YISHUN AVENUE 6,27,Executive Condominium,3,2600,1100 to 1200,Feb-19
213,LILYDALE,YISHUN AVENUE 6,27,Executive Condominium,3,2500,1100 to 1200,Feb-19
214,THE CANOPY,YISHUN AVENUE 11,27,Executive Condominium,3,2600,1300 to 1400,Feb-19
215,THE CANOPY,YISHUN AVENUE 11,27,Executive Condominium,4,3200,1900 to 2000,Feb-19
216,LILYDALE,YISHUN AVENUE 6,27,Executive Condominium,3,2200,1100 to 1200,Feb-19
217,PARC LIFE,SEMBAWANG CRESCENT,27,Executive Condominium,3,2650,1000 to 1100,Feb-19
218,THE TOPIARY,FERNVALE LANE,28,Executive Condominium,3,2200,1200 to 1300,Feb-19
219,THE TOPIARY,FERNVALE LANE,28,Executive Condominium,3,1300,1200 to 1300,Jan-19
220,LILYDALE,YISHUN AVENUE 6,27,Executive Condominium,3,2400,1100 to 1200,Jan-19
221,LILYDALE,YISHUN AVENUE 6,27,Executive Condominium,3,1930,1100 to 1200,Jan-19
222,THE VISIONAIRE,CANBERRA DRIVE,27,Executive Condominium,3,2500,800 to 900,Jan-19
223,THE CRITERION,YISHUN STREET 51,27,Executive Condominium,2,2250,600 to 700,Jan-19
224,THE BROWNSTONE,CANBERRA DRIVE,27,Executive Condominium,3,2500,900 to 1000,Jan-19
225,LILYDALE,YISHUN AVENUE 6,27,Executive Condominium,3,2600,1100 to 1200,Dec-18
226,THE CANOPY,YISHUN AVENUE 11,27,Executive Condominium,2,2000,800 to 900,Dec-18
227,THE TOPIARY,FERNVALE LANE,28,Executive Condominium,3,1350,1200 to 1300,Dec-18
228,THE TOPIARY,FERNVALE LANE,28,Executive Condominium,2,2100,700 to 800,Dec-18
229,LILYDALE,YISHUN AVENUE 6,27,Executive Condominium,3,2350,1100 to 1200,Dec-18
230,LILYDALE,YISHUN AVENUE 6,27,Executive Condominium,3,2200,1100 to 1200,Dec-18
231,THE BROWNSTONE,CANBERRA DRIVE,27,Executive Condominium,3,2200,900 to 1000,Dec-18
232,THE TOPIARY,FERNVALE LANE,28,Executive Condominium,3,1460,1000 to 1100,Dec-18
233,LILYDALE,YISHUN AVENUE 6,27,Executive Condominium,3,2300,1100 to 1200,Dec-18
234,1 CANBERRA,CANBERRA DRIVE,27,Executive Condominium,3,1800,1000 to 1100,Nov-18
235,LILYDALE,YISHUN AVENUE 6,27,Executive Condominium,3,2500,1100 to 1200,Nov-18
236,THE BROWNSTONE,CANBERRA DRIVE,27,Executive Condominium,3,2100,900 to 1000,Nov-18
237,1 CANBERRA,CANBERRA DRIVE,27,Executive Condominium,3,2400,1000 to 1100,Oct-18
238,LILYDALE,YISHUN AVENUE 6,27,Executive Condominium,3,2350,1100 to 1200,Oct-18
239,THE CRITERION,YISHUN STREET 51,27,Executive Condominium,3,2250,1000 to 1100,Oct-18
240,LILYDALE,YISHUN AVENUE 6,27,Executive Condominium,3,2600,1100 to 1200,Oct-18
241,THE BROWNSTONE,CANBERRA DRIVE,27,Executive Condominium,3,2600,800 to 900,Oct-18
242,THE BROWNSTONE,CANBERRA DRIVE,27,Executive Condominium,3,2600,900 to 1000,Oct-18
243,LILYDALE,YISHUN AVENUE 6,27,Executive Condominium,3,2500,1100 to 1200,Oct-18
244,LUSH ACRES,FERNVALE CLOSE,28,Executive Condominium,3,2500,1100 to 1200,Sep-18
245,LILYDALE,YISHUN AVENUE 6,27,Executive Condominium,3,2500,1100 to 1200,Sep-18
246,LILYDALE,YISHUN AVENUE 6,27,Executive Condominium,3,2200,1100 to 1200,Sep-18
247,1 CANBERRA,CANBERRA DRIVE,27,Executive Condominium,4,2600,1200 to 1300,Sep-18
248,THE CANOPY,YISHUN AVENUE 11,27,Executive Condominium,2,2300,1000 to 1100,Sep-18
249,LILYDALE,YISHUN AVENUE 6,27,Executive Condominium,3,2400,1000 to 1100,Sep-18
250,LILYDALE,YISHUN AVENUE 6,27,Executive Condominium,3,2250,1100 to 1200,Aug-18
251,LILYDALE,YISHUN AVENUE 6,27,Executive Condominium,3,2300,1100 to 1200,Aug-18
252,LILYDALE,YISHUN AVENUE 6,27,Executive Condominium,3,2400,1100 to 1200,Aug-18
253,THE BROWNSTONE,CANBERRA DRIVE,27,Executive Condominium,3,2300,900 to 1000,Aug-18
254,LILYDALE,YISHUN AVENUE 6,27,Executive Condominium,3,1800,1100 to 1200,Aug-18
255,THE TOPIARY,FERNVALE LANE,28,Executive Condominium,3,2250,900 to 1000,Aug-18
256,THE CANOPY,YISHUN AVENUE 11,27,Executive Condominium,3,2600,1100 to 1200,Aug-18
257,THE CANOPY,YISHUN AVENUE 11,27,Executive Condominium,3,2700,1300 to 1400,Aug-18
258,SKYPARK RESIDENCES,SEMBAWANG CRESCENT,27,Executive Condominium,4,3800,1500 to 1600,Aug-18
259,LILYDALE,YISHUN AVENUE 6,27,Executive Condominium,3,2300,1100 to 1200,Jul-18
260,PARC LIFE,SEMBAWANG CRESCENT,27,Executive Condominium,4,2900,1200 to 1300,Jul-18
261,LILYDALE,YISHUN AVENUE 6,27,Executive Condominium,3,2400,1100 to 1200,Jul-18
262,LILYDALE,YISHUN AVENUE 6,27,Executive Condominium,3,2300,1100 to 1200,Jul-18
263,THE TOPIARY,FERNVALE LANE,28,Executive Condominium,3,2300,900 to 1000,Jul-18
264,LILYDALE,YISHUN AVENUE 6,27,Executive Condominium,3,2450,1100 to 1200,Jul-18
265,LILYDALE,YISHUN AVENUE 6,27,Executive Condominium,3,2500,1100 to 1200,Jul-18
266,THE TOPIARY,FERNVALE LANE,28,Executive Condominium,3,2300,1000 to 1100,Jul-18
267,LILYDALE,YISHUN AVENUE 6,27,Executive Condominium,3,2480,1100 to 1200,Jul-18
268,LILYDALE,YISHUN AVENUE 6,27,Executive Condominium,3,2300,1100 to 1200,Jul-18
269,THE BROWNSTONE,CANBERRA DRIVE,27,Executive Condominium,3,2500,900 to 1000,Jul-18
270,LILYDALE,YISHUN AVENUE 6,27,Executive Condominium,3,1900,1100 to 1200,Jul-18
271,LILYDALE,YISHUN AVENUE 6,27,Executive Condominium,3,2500,1100 to 1200,Jul-18
272,THE CANOPY,YISHUN AVENUE 11,27,Executive Condominium,3,2600,1200 to 1300,Jun-18
273,LILYDALE,YISHUN AVENUE 6,27,Executive Condominium,3,2400,1100 to 1200,Jun-18
274,THE BROWNSTONE,CANBERRA DRIVE,27,Executive Condominium,3,2500,900 to 1000,Jun-18
275,1 CANBERRA,CANBERRA DRIVE,27,Executive Condominium,3,1300,1000 to 1100,Jun-18
276,LILYDALE,YISHUN AVENUE 6,27,Executive Condominium,3,2200,1100 to 1200,Jun-18
277,1 CANBERRA,CANBERRA DRIVE,27,Executive Condominium,3,1500,1300 to 1400,Jun-18
278,LILYDALE,YISHUN AVENUE 6,27,Executive Condominium,3,2300,1100 to 1200,Jun-18
279,LILYDALE,YISHUN AVENUE 6,27,Executive Condominium,3,2300,1100 to 1200,Jun-18
280,LILYDALE,YISHUN AVENUE 6,27,Executive Condominium,3,2200,1100 to 1200,May-18
281,THE TOPIARY,FERNVALE LANE,28,Executive Condominium,3,1450,1200 to 1300,Mar-18
282,LILYDALE,YISHUN AVENUE 6,27,Executive Condominium,3,2450,1100 to 1200,Mar-18
283,LILYDALE,YISHUN AVENUE 6,27,Executive Condominium,3,2500,1100 to 1200,Mar-18
284,THE CANOPY,YISHUN AVENUE 11,27,Executive Condominium,3,2700,1300 to 1400,Mar-18
285,1 CANBERRA,CANBERRA DRIVE,27,Executive Condominium,3,2600,1000 to 1100,Mar-18
286,LILYDALE,YISHUN AVENUE 6,27,Executive Condominium,3,2200,1100 to 1200,Mar-18
287,LILYDALE,YISHUN AVENUE 6,27,Executive Condominium,3,2350,1100 to 1200,Mar-18
288,LILYDALE,YISHUN AVENUE 6,27,Executive Condominium,3,2600,1100 to 1200,Feb-18
289,LILYDALE,YISHUN AVENUE 6,27,Executive Condominium,3,2200,1100 to 1200,Feb-18
290,THE TOPIARY,FERNVALE LANE,28,Executive Condominium,3,2300,900 to 1000,Feb-18
291,LILYDALE,YISHUN AVENUE 6,27,Executive Condominium,3,2200,1100 to 1200,Feb-18
292,THE TOPIARY,FERNVALE LANE,28,Executive Condominium,4,2300,1200 to 1300,Feb-18
293,LILYDALE,YISHUN AVENUE 6,27,Executive Condominium,3,2800,1100 to 1200,Feb-18
294,THE TOPIARY,FERNVALE LANE,28,Executive Condominium,4,1407,1300 to 1400,Jan-18
295,LUSH ACRES,FERNVALE CLOSE,28,Executive Condominium,3,2300,1100 to 1200,Jan-18
296,LILYDALE,YISHUN AVENUE 6,27,Executive Condominium,3,2350,1100 to 1200,Jan-18
297,LUSH ACRES,FERNVALE CLOSE,28,Executive Condominium,4,2500,1300 to 1400,Jan-18
298,SIGNATURE AT YISHUN,YISHUN STREET 51,27,Executive Condominium,3,2400,900 to 1000,Jan-18
299,THE CANOPY,YISHUN AVENUE 11,27,Executive Condominium,2,2000,800 to 900,Dec-17
300,LILYDALE,YISHUN AVENUE 6,27,Executive Condominium,3,2500,1100 to 1200,Dec-17
301,LILYDALE,YISHUN AVENUE 6,27,Executive Condominium,3,2250,1100 to 1200,Dec-17
302,SIGNATURE AT YISHUN,YISHUN STREET 51,27,Executive Condominium,3,2100,1000 to 1100,Dec-17
303,LILYDALE,YISHUN AVENUE 6,27,Executive Condominium,3,2350,1100 to 1200,Dec-17
304,1 CANBERRA,CANBERRA DRIVE,27,Executive Condominium,4,1200,1400 to 1500,Dec-17
305,THE CANOPY,YISHUN AVENUE 11,27,Executive Condominium,3,2800,1300 to 1400,Dec-17
306,LILYDALE,YISHUN AVENUE 6,27,Executive Condominium,3,2350,1100 to 1200,Nov-17
307,LILYDALE,YISHUN AVENUE 6,27,Executive Condominium,3,2400,1100 to 1200,Nov-17
308,LILYDALE,YISHUN AVENUE 6,27,Executive Condominium,3,5600,1700 to 1800,Oct-17
309,LILYDALE,YISHUN AVENUE 6,27,Executive Condominium,3,2600,1100 to 1200,Oct-17
310,LILYDALE,YISHUN AVENUE 6,27,Executive Condominium,3,2600,1100 to 1200,Oct-17
311,LILYDALE,YISHUN AVENUE 6,27,Executive Condominium,3,2500,1100 to 1200,Oct-17
312,THE TOPIARY,FERNVALE LANE,28,Executive Condominium,4,1400,1300 to 1400,Oct-17
313,THE TOPIARY,FERNVALE LANE,28,Executive Condominium,4,2850,1200 to 1300,Sep-17
314,LILYDALE,YISHUN AVENUE 6,27,Executive Condominium,3,2300,1100 to 1200,Sep-17
315,LILYDALE,YISHUN AVENUE 6,27,Executive Condominium,3,2500,1100 to 1200,Sep-17
316,SIGNATURE AT YISHUN,YISHUN STREET 51,27,Executive Condominium,na*,2050,1000 to 1100,Sep-17
317,LILYDALE,YISHUN AVENUE 6,27,Executive Condominium,3,2150,1100 to 1200,Sep-17
318,THE CANOPY,YISHUN AVENUE 11,27,Executive Condominium,2,2300,1000 to 1100,Sep-17
319,LILYDALE,YISHUN AVENUE 6,27,Executive Condominium,3,2250,1100 to 1200,Aug-17
320,THE CANOPY,YISHUN AVENUE 11,27,Executive Condominium,4,3200,1900 to 2000,Aug-17
321,LILYDALE,YISHUN AVENUE 6,27,Executive Condominium,3,2200,1100 to 1200,Aug-17
322,THE TOPIARY,FERNVALE LANE,28,Executive Condominium,4,2500,1200 to 1300,Aug-17
323,LILYDALE,YISHUN AVENUE 6,27,Executive Condominium,3,2400,1100 to 1200,Aug-17
324,LILYDALE,YISHUN AVENUE 6,27,Executive Condominium,3,2350,1000 to 1100,Aug-17
325,LILYDALE,YISHUN AVENUE 6,27,Executive Condominium,3,2500,1000 to 1100,Aug-17
326,LILYDALE,YISHUN AVENUE 6,27,Executive Condominium,3,2200,1100 to 1200,Jul-17
327,LILYDALE,YISHUN AVENUE 6,27,Executive Condominium,3,2200,1100 to 1200,Jul-17
328,LILYDALE,YISHUN AVENUE 6,27,Executive Condominium,3,2500,1100 to 1200,Jul-17
329,LILYDALE,YISHUN AVENUE 6,27,Executive Condominium,3,2500,1100 to 1200,Jul-17
330,LILYDALE,YISHUN AVENUE 6,27,Executive Condominium,3,2600,1100 to 1200,Jul-17
331,LILYDALE,YISHUN AVENUE 6,27,Executive Condominium,3,2400,1100 to 1200,Jul-17
332,LILYDALE,YISHUN AVENUE 6,27,Executive Condominium,3,2200,1100 to 1200,Jul-17
333,LILYDALE,YISHUN AVENUE 6,27,Executive Condominium,3,2600,1100 to 1200,Jul-17
334,THE CANOPY,YISHUN AVENUE 11,27,Executive Condominium,2,1500,1000 to 1100,Jul-17
335,LILYDALE,YISHUN AVENUE 6,27,Executive Condominium,3,2200,1100 to 1200,Jul-17
336,LILYDALE,YISHUN AVENUE 6,27,Executive Condominium,3,2350,1100 to 1200,Jun-17
337,LILYDALE,YISHUN AVENUE 6,27,Executive Condominium,3,2400,1100 to 1200,Jun-17
338,LILYDALE,YISHUN AVENUE 6,27,Executive Condominium,3,2300,1100 to 1200,Jun-17
339,1 CANBERRA,CANBERRA DRIVE,27,Executive Condominium,3,1300,1200 to 1300,May-17
340,1 CANBERRA,CANBERRA DRIVE,27,Executive Condominium,3,1500,1500 to 1600,May-17
341,LILYDALE,YISHUN AVENUE 6,27,Executive Condominium,3,2250,1100 to 1200,May-17
342,LILYDALE,YISHUN AVENUE 6,27,Executive Condominium,3,2300,1100 to 1200,May-17
343,LILYDALE,YISHUN AVENUE 6,27,Executive Condominium,3,2600,1100 to 1200,Apr-17
344,THE TOPIARY,FERNVALE LANE,28,Executive Condominium,3,1300,1200 to 1300,Apr-17
345,LILYDALE,YISHUN AVENUE 6,27,Executive Condominium,3,2200,1100 to 1200,Apr-17
346,LILYDALE,YISHUN AVENUE 6,27,Executive Condominium,3,2500,1100 to 1200,Mar-17
347,THE TOPIARY,FERNVALE LANE,28,Executive Condominium,5,4000,2200 to 2300,Mar-17
348,LILYDALE,YISHUN AVENUE 6,27,Executive Condominium,3,2450,1100 to 1200,Mar-17
349,LILYDALE,YISHUN AVENUE 6,27,Executive Condominium,3,2800,1100 to 1200,Mar-17
350,LILYDALE,YISHUN AVENUE 6,27,Executive Condominium,3,2350,1100 to 1200,Mar-17
351,THE TOPIARY,FERNVALE LANE,28,Executive Condominium,4,3100,1200 to 1300,Mar-17
352,LILYDALE,YISHUN AVENUE 6,27,Executive Condominium,3,2200,1100 to 1200,Mar-17
353,THE TOPIARY,FERNVALE LANE,28,Executive Condominium,4,2700,1200 to 1300,Mar-17
354,LILYDALE,YISHUN AVENUE 6,27,Executive Condominium,3,2600,1100 to 1200,Mar-17
355,LILYDALE,YISHUN AVENUE 6,27,Executive Condominium,3,2650,1100 to 1200,Feb-17
356,THE CANOPY,YISHUN AVENUE 11,27,Executive Condominium,2,1900,800 to 900,Feb-17
357,LILYDALE,YISHUN AVENUE 6,27,Executive Condominium,3,2500,1100 to 1200,Feb-17
358,LILYDALE,YISHUN AVENUE 6,27,Executive Condominium,3,2300,1100 to 1200,Feb-17
359,LILYDALE,YISHUN AVENUE 6,27,Executive Condominium,3,2950,1100 to 1200,Feb-17
360,THE TOPIARY,FERNVALE LANE,28,Executive Condominium,2,2000,700 to 800,Feb-17
361,LILYDALE,YISHUN AVENUE 6,27,Executive Condominium,3,2300,1100 to 1200,Feb-17
362,LILYDALE,YISHUN AVENUE 6,27,Executive Condominium,3,2800,1100 to 1200,Feb-17
363,1 CANBERRA,CANBERRA DRIVE,27,Executive Condominium,4,1500,1400 to 1500,Jan-17
364,LUSH ACRES,FERNVALE CLOSE,28,Executive Condominium,3,2300,1100 to 1200,Jan-17
365,LILYDALE,YISHUN AVENUE 6,27,Executive Condominium,3,3800,1700 to 1800,Jan-17
366,SKYPARK RESIDENCES,SEMBAWANG CRESCENT,27,Executive Condominium,3,2500,1100 to 1200,Dec-16
367,THE TOPIARY,FERNVALE LANE,28,Executive Condominium,3,2300,900 to 1000,Dec-16
368,THE TOPIARY,FERNVALE LANE,28,Executive Condominium,4,2400,1200 to 1300,Dec-16
369,LILYDALE,YISHUN AVENUE 6,27,Executive Condominium,3,2400,1100 to 1200,Dec-16
370,LILYDALE,YISHUN AVENUE 6,27,Executive Condominium,3,2450,1100 to 1200,Dec-16
371,LILYDALE,YISHUN AVENUE 6,27,Executive Condominium,3,2200,1100 to 1200,Dec-16
372,THE TOPIARY,FERNVALE LANE,28,Executive Condominium,4,2300,1200 to 1300,Dec-16
373,LILYDALE,YISHUN AVENUE 6,27,Executive Condominium,3,2350,1100 to 1200,Dec-16
374,1 CANBERRA,CANBERRA DRIVE,27,Executive Condominium,3,1200,1000 to 1100,Dec-16
375,LUSH ACRES,FERNVALE CLOSE,28,Executive Condominium,3,2300,1000 to 1100,Nov-16
376,LILYDALE,YISHUN AVENUE 6,27,Executive Condominium,3,2200,1100 to 1200,Nov-16
377,LILYDALE,YISHUN AVENUE 6,27,Executive Condominium,3,2100,1100 to 1200,Nov-16
378,LILYDALE,YISHUN AVENUE 6,27,Executive Condominium,3,2300,1100 to 1200,Nov-16
379,THE CANOPY,YISHUN AVENUE 11,27,Executive Condominium,2,2000,1000 to 1100,Nov-16
380,1 CANBERRA,CANBERRA DRIVE,27,Executive Condominium,4,1300,1400 to 1500,Nov-16
381,LILYDALE,YISHUN AVENUE 6,27,Executive Condominium,3,2300,1100 to 1200,Nov-16
382,LILYDALE,YISHUN AVENUE 6,27,Executive Condominium,3,2400,1100 to 1200,Nov-16
383,THE TOPIARY,FERNVALE LANE,28,Executive Condominium,3,2250,1200 to 1300,Nov-16
384,LILYDALE,YISHUN AVENUE 6,27,Executive Condominium,3,2350,1100 to 1200,Oct-16
385,LILYDALE,YISHUN AVENUE 6,27,Executive Condominium,3,2500,1100 to 1200,Oct-16
386,1 CANBERRA,CANBERRA DRIVE,27,Executive Condominium,3,2450,1200 to 1300,Oct-16
387,1 CANBERRA,CANBERRA DRIVE,27,Executive Condominium,3,1400,1200 to 1300,Oct-16
388,LILYDALE,YISHUN AVENUE 6,27,Executive Condominium,3,2600,1100 to 1200,Oct-16
389,LILYDALE,YISHUN AVENUE 6,27,Executive Condominium,3,2500,1100 to 1200,Sep-16
390,THE TOPIARY,FERNVALE LANE,28,Executive Condominium,3,2200,900 to 1000,Sep-16
391,THE CANOPY,YISHUN AVENUE 11,27,Executive Condominium,2,2400,1000 to 1100,Sep-16
392,LILYDALE,YISHUN AVENUE 6,27,Executive Condominium,3,2300,1100 to 1200,Aug-16
393,LILYDALE,YISHUN AVENUE 6,27,Executive Condominium,3,2600,1100 to 1200,Aug-16
394,LILYDALE,YISHUN AVENUE 6,27,Executive Condominium,3,2600,1100 to 1200,Aug-16
395,THE CANOPY,YISHUN AVENUE 11,27,Executive Condominium,3,2700,1200 to 1300,Aug-16
396,LILYDALE,YISHUN AVENUE 6,27,Executive Condominium,3,2600,1100 to 1200,Jul-16
397,LILYDALE,YISHUN AVENUE 6,27,Executive Condominium,3,2800,1100 to 1200,Jul-16
398,LILYDALE,YISHUN AVENUE 6,27,Executive Condominium,3,2500,1100 to 1200,Jul-16
399,THE CANOPY,YISHUN AVENUE 11,27,Executive Condominium,3,2800,1300 to 1400,Jul-16
400,LILYDALE,YISHUN AVENUE 6,27,Executive Condominium,3,2600,1100 to 1200,Jul-16
401,LILYDALE,YISHUN AVENUE 6,27,Executive Condominium,3,2500,1100 to 1200,Jul-16
402,THE CANOPY,YISHUN AVENUE 11,27,Executive Condominium,4,3200,1900 to 2000,Jul-16
403,LILYDALE,YISHUN AVENUE 6,27,Executive Condominium,3,2400,1100 to 1200,Jun-16
404,LILYDALE,YISHUN AVENUE 6,27,Executive Condominium,3,2550,1100 to 1200,Jun-16
405,LILYDALE,YISHUN AVENUE 6,27,Executive Condominium,3,2200,1100 to 1200,Jun-16
406,LILYDALE,YISHUN AVENUE 6,27,Executive Condominium,3,2800,1100 to 1200,May-16
